{"cameraMode":{"drawMode":0,"name":"Shaded","section":"Shading Mode"},"sceneLighting":false,"audioPlay":false,"sceneViewState":{"showFog":false,"showMaterialUpdate":false,"showSkybox":false,"showFlares":false,"showImageEffects":false,"showParticleSystems":false},"in2DMode":false,"pivot":{"x":1.9026069641113282,"y":4.632833003997803,"z":-1.7236127853393555},"rotation":{"x":0.18747082352638246,"y":-0.1379910409450531,"z":0.026609977707266809,"w":0.9721657037734985},"size":2.9205219745635988,"orthographic":false}