{"cameraMode":{"drawMode":0,"name":"Shaded","section":"Shading Mode"},"sceneLighting":true,"audioPlay":false,"sceneViewState":{"showFog":false,"showMaterialUpdate":false,"showSkybox":false,"showFlares":false,"showImageEffects":false,"showParticleSystems":false},"in2DMode":false,"pivot":{"x":-36.99274444580078,"y":-14.618270874023438,"z":16.06957244873047},"rotation":{"x":0.17437230050563813,"y":-0.51819908618927,"z":0.10878951102495194,"w":0.8302067518234253},"size":28.35511589050293,"orthographic":false}