{"cameraMode":{"drawMode":0,"name":"Shaded","section":"Shading Mode"},"sceneLighting":false,"audioPlay":false,"sceneViewState":{"showFog":false,"showMaterialUpdate":false,"showSkybox":false,"showFlares":false,"showImageEffects":false,"showParticleSystems":false},"in2DMode":false,"pivot":{"x":-0.25124508142471316,"y":3.2093377113342287,"z":-3.1661906242370607},"rotation":{"x":0.18965937197208405,"y":-0.6238164901733398,"z":0.15961867570877076,"w":0.7412192821502686},"size":2.4752540588378908,"orthographic":false}