{"cameraMode":{"drawMode":0,"name":"Shaded","section":"Shading Mode"},"sceneLighting":false,"audioPlay":false,"sceneViewState":{"showFog":false,"showMaterialUpdate":false,"showSkybox":false,"showFlares":false,"showImageEffects":false,"showParticleSystems":false},"in2DMode":false,"pivot":{"x":0.7603097558021545,"y":2.934601068496704,"z":-0.6379766464233398},"rotation":{"x":0.26653188467025759,"y":-0.4210129976272583,"z":0.1309269666671753,"w":0.857069730758667},"size":7.601970195770264,"orthographic":false}